"","gene","sequence"
"1","IGHV1-18","caggttcagctggtgcagtctggagctgaggtgaagaagcctggggcctcagtgaaggtctcctgcaaggcttctggttacacctttaccagctatggtatcagctgggtgcgacaggcccctggacaagggcttgagtggatgggatggatcagcgcttacaatggtaacacaaactatgcacagaagctccagggcagagtcaccatgaccacagacacatccacgagcacagcctacatggagctgaggagcctgagatctgacgacacggccgtgtattactgtgcgagaga"
"2","IGHV1-2","caggtgcagctggtgcagtctggggctgaggtgaagaagcctggggcctcagtgaaggtctcctgcaaggcttctggatacaccttcaccggctactatatgcactgggtgcgacaggcccctggacaagggcttgagtggatgggacggatcaaccctaacagtggtggcacaaactatgcacagaagtttcagggcagggtcaccagtaccagggacacgtccatcagcacagcctacatggagctgagcaggctgagatctgacgacacggtcgtgtattactgtgcgagaga"
"3","IGHV1-24","caggtccagctggtacagtctggggctgaggtgaagaagcctggggcctcagtgaaggtctcctgcaaggtttccggatacaccctcactgaattatccatgcactgggtgcgacaggctcctggaaaagggcttgagtggatgggaggttttgatcctgaagatggtgaaacaatctacgcacagaagttccagggcagagtcaccatgaccgaggacacatctacagacacagcctacatggagctgagcagcctgagatctgaggacacggccgtgtattactgtgcaacaga"
"4","IGHV1-3","caggtccagcttgtgcagtctggggctgaggtgaagaagcctggggcctcagtgaaggtttcctgcaaggcttctggatacaccttcactagctatgctatgcattgggtgcgccaggcccccggacaaaggcttgagtggatgggatggatcaacgctggcaatggtaacacaaaatattcacagaagttccagggcagagtcaccattaccagggacacatccgcgagcacagcctacatggagctgagcagcctgagatctgaagacacggctgtgtattactgtgcgagaga"
"5","IGHV1-38-4","caggtccagctggtgcagtcttgggctgaggtgaggaagtctggggcctcagtgaaagtctcctgtagtttttctgggtttaccatcaccagctacggtatacattgggtgcaacagtcccctggacaagggcttgagtggatgggatggatcaaccctggcaatggtagcccaagctatgccaagaagtttcagggcagattcaccatgaccagggacatgtccacaaccacagcctacacagacctgagcagcctgacatctgaggacatggctgtgtattactatgcaagaca"
"6","IGHV1-45","cagatgcagctggtgcagtctggggctgaggtgaagaagactgggtcctcagtgaaggtttcctgcaaggcttccggatacaccttcacctaccgctacctgcactgggtgcgacaggcccccggacaagcgcttgagtggatgggatggatcacacctttcaatggtaacaccaactacgcacagaaattccaggacagagtcaccattactagggacaggtctatgagcacagcctacatggagctgagcagcctgagatctgaggacacagccatgtattactgtgcaagana"
"7","IGHV1-46","caggtgcagctggtgcagtctggggctgaggtgaagaagcctggggcctcagtgaaggtttcctgcaaggcatctggatacaccttcaccagctactatatgcactgggtgcgacaggcccctggacaagggcttgagtggatgggaataatcaaccctagtggtggtagcacaagctacgcacagaagttccagggcagagtcaccatgaccagggacacgtccacgagcacagtctacatggagctgagcagcctgagatctgaggacacggccgtgtattactgtgcgagaga"
"8","IGHV1-58","caaatgcagctggtgcagtctgggcctgaggtgaagaagcctgggacctcagtgaaggtctcctgcaaggcttctggattcacctttactagctctgctgtgcagtgggtgcgacaggctcgtggacaacgccttgagtggataggatggatcgtcgttggcagtggtaacacaaactacgcacagaagttccaggaaagagtcaccattaccagggacatgtccacaagcacagcctacatggagctgagcagcctgagatccgaggacacggccgtgtattactgtgcggcaga"
"9","IGHV1-68","caggtgcagctggggcagtctgaggctgaggtaaagaagcctggggcctcagtgaaggtctcctgcaaggcttccggatacaccttcacttgctgctccttgcactggttgcaacaggcccctggacaagggcttgaaaggatgagatggatcacactttacaatggtaacaccaactatgcaaagaagttccagggcagagtcaccattaccagggacatgtccctgaggacagcctacatagagctgagcagcctgagatctgaggactcggctgtgtattactgggcaagata"
"10","IGHV1-68D","caggtgcagctggggcagtctgaggctgaggtgaagaagcctggggcctcagtgaaggtctcctgcaaggcttccggatacaccttcacctactgctccttgcactggttgcaacaggcccctggacaagggcttgaaaggatgagatggatcacactttacaatggtaacatcaactatgcaaagaagttccagagcagagtcaccattaccagggacatgtccctgaggacagcctacatagagctgagcagcctgagatctgaggactcggctgtgtattactgggcaagata"
"11","IGHV1-69","caggtgcagctggtgcagtctggggctgaggtgaagaagcctgggtcctcggtgaaggtctcctgcaaggcttctggaggcaccttcagcagctatgctatcagctgggtgcgacaggcccctggacaagggcttgagtggatgggagggatcatccctatctttggtacagcaaactacgcacagaagttccagggcagagtcacgattaccgcggacgaatccacgagcacagcctacatggagctgagcagcctgagatctgaggacacggccgtgtattactgtgcgagaga"
"12","IGHV1-69-2","gaggtccagctggtacagtctggggctgaggtgaagaagcctggggctacagtgaaaatctcctgcaaggtttctggatacaccttcaccgactactacatgcactgggtgcaacaggcccctggaaaagggcttgagtggatgggacttgttgatcctgaagatggtgaaacaatatacgcagagaagttccagggcagagtcaccataaccgcggacacgtctacagacacagcctacatggagctgagcagcctgagatctgaggacacggccgtgtattactgtgcaacaga"
"13","IGHV1-69D","caggtgcagctggtgcagtctggggctgaggtgaagaagcctgggtcctcggtgaaggtctcctgcaaggcttctggaggcaccttcagcagctatgctatcagctgggtgcgacaggcccctggacaagggcttgagtggatgggagggatcatccctatctttggtacagcaaactacgcacagaagttccagggcagagtcacgattaccgcggacgaatccacgagcacagcctacatggagctgagcagcctgagatctgaggacacggccgtgtattactgtgcgagaga"
"14","IGHV1-8","caggtgcagctggtgcagtctggggctgaggtgaagaagcctggggcctcagtgaaggtctcctgcaaggcttctggatacaccttcaccagttatgatatcaactgggtgcgacaggccactggacaagggcttgagtggatgggatggatgaaccctaacagtggtaacacaggctatgcacagaagttccagggcagagtcaccatgaccaggaacacctccataagcacagcctacatggagctgagcagcctgagatctgaggacacggccgtgtattactgtgcgagagg"
"15","IGHV1-NL1","caggttcagctgttgcagcctggggtccaggtgaagaagcctgggtcctcagtgaaggtctcctgctaggcttccagatacaccttcaccaaatactttacacggtgggtgtgacaaagccctggacaagggcatnagtggatgggatgaatcaacccttacaacgataacacacactacgcacagacgttctggggcagagtcaccattaccagtgacaggtccatgagcacagcctacatggagctgagcngcctgagatccgaagacatggtcgtgtattactgtgtgagaga"
"16","IGHV1/OR15-1","caggtgcagctggtgcagtctggggctgaggtgaagaagcctggggcctcagtgaaggtctcctgcaaggcttctggatacatcttcaccgactactatatgcactgggtgcgacaggcccctggacaagagcttgggtggatgggacggatcaaccctaacagtggtggcacaaactatgcacagaagtttcagggcagagtcaccatgaccagggacacgtccatcagcacagcctacacggagctgagcagcctgagatctgaggacacggccacgtattactgtgcgaga"
"17","IGHV1/OR15-2","caggtgcagctggtgcagtctggagctgaggtgaagaagcctagagcctcagtgaaggtctcctgcaaggcttctggttacacctttaccagctactatatgcactgggtgtgacaggcccctgaacaagggcttgagtggatgggatggatcaacacttacaatggtaacacaaactacccacagaagctccagggcagagtcaccatgaccagagacacatccacgagcacagcctacatggagctgagcaggctgagatctgacgacatggccgtgtattactgtgcgagaga"
"18","IGHV1/OR15-3","caggtccaactggtgtagtctggagctgaggtgaagaagcctggggcctcagtgaaggtctcctgcaaggcttctggatacaccttcaccgactactttatgaactggatgcgccaggcccctggacaaaggcttgagtggatgggatggatcaacgctggcaatggtaacacaaaatattcacagaagctccagggcagagtcaccattaccagggacacatcttcgagcacagcctacatgcagctgagcagcctgagatctgaggacacggccgtgtattactgtgcgaga"
"19","IGHV1/OR15-4","caggaccagttggtgcagtctggggctgaggtgaagaagcctctgtcctcagtgaaggtctccttcaaggcttctggatacaccttcaccaacaactttatgcactgggtgtgacaggcccctggacaaggacttgagtggatgggatggatcaatgctggcaatggtaacacaacatatgcacagaagttccagggcagagtcaccataaccagggacacgtccatgagcacagcctacacggagctgagcagcctgagatctgaggacacggccgtgtattactgtgcgaga"
"20","IGHV1/OR15-5","agaagcctggggcctcagtgaaggtctcctgcaaggcttctggatacaccttcaccagctactgtatgcactgggtgcaccaggtccatgcacaagggcttgagtggatgggattggtgtgccctagtgatggcagcacaagctatgcacagaagttccaggccagagtcaccataaccagggacacatccatgagcacagcctacatggagctaagcagtctgagatctgaggacacggccatgtattactgtgtgaga"
"21","IGHV1/OR15-9","caggtacagctgatgcagtctggggctgaggtgaagaagcctggggcctcagtgaggatctcctgcaaggcttctggatacaccttcaccagctactgtatgcactgggtgtgccaggcccatgcacaagggcttgagtggatgggattggtgtgccctagtgatggcagcacaagctatgcacagaagttccagggcagagtcaccataaccagggacacatccatgggcacagcctacatggagctaagcagcctgagatctgaggacacggccatgtattactgtgtgagaga"
"22","IGHV1/OR16-22","ctggtgcagctggtgcagtctggggctgaggtgaagaagcctggggcctcagtgttctcctgccaggcttctggatacaccttcacctactgctacttgcactgggtgcgatgggcccctggacaagggcttgagtggacaggattt"
"23","IGHV1/OR16-3","ctggtgcagctggtgcagtctggggctgaggtgaagaagcctggggcctcagtgaaggtctcctgcaaggcttctggatacaccttcacctactgctacttgcactgggtgcgatgggtccctggacaagggcttgagtggacaggattt"
"24","IGHV1/OR16-4","ctggtgcagctggtgcagtctggggctgaggtgaagaagcctggggcctcagtgaaggtctcctgccaggcttctggatacaccttcacctactgctacttgcactgggtgcgatgggcccctggacaagggcttgagtggacaggattt"
"25","IGHV1/OR21-1","caggtacagctggtgcagtctggggctgaggtgaagaagcctggggcctcagtgaaggtctcctgcaaggcttctggatacaccatcaccagctactgtatgcactgggtgcaccaggtccatgcacaagggcttgagtggatgggattggtgtgccctagtgatggcagcacaagctatgcacagaagttccaggccagagtcaccataaccagggacacatccatgagcacagcctacatggagctaagcagtctgagatctgaggacacggccatgtattactgtgtgagaga"
"26","IGHV2-10","caggtcaccttgaaggagtctggtcctgcactggtgaaacccacacagaccctcatgctgacctgcaccttctctgggttctcactcagcacttctggaatgggtgtgggttagatctgtcagccctcagcaaaggccctggagtggcttgcacacatttattagaatgataataaatactacagcccatctctgaagagtaggctcattatctccaaggacacctccaagaatgaagtggttctaacagtgatcaacatggacattgtggacacagccacacattactgtgcaaggagac"
"27","IGHV2-26","caggtcaccttgaaggagtctggtcctgtgctggtgaaacccacagagaccctcacgctgacctgcaccgtctctgggttctcactcagcaatgctagaatgggtgtgagctggatccgtcagcccccagggaaggccctggagtggcttgcacacattttttcgaatgacgaaaaatcctacagcacatctctgaagagcaggctcaccatctccaaggacacctccaaaagccaggtggtccttaccatgaccaacatggaccctgtggacacagccacatattactgtgcacggatac"
"28","IGHV2-5","cagatcaccttgaaggagtctggtcctacgctggtgaaacccacacagaccctcacgctgacctgcaccttctctgggttctcactcagcactagtggagtgggtgtgggctggatccgtcagcccccaggaaaggccctggagtggcttgcactcatttattggaatgatgataagcgctacagcccatctctgaagagcaggctcaccatcaccaaggacacctccaaaaaccaggtggtccttacaatgaccaacatggaccctgtggacacagccacatattactgtgcacacagac"
"29","IGHV2-70","caggtcaccttgagggagtctggtcctgcgctggtgaaacccacacagaccctcacactgacctgcaccttctctgggttctcactcagcactagtggaatgtgtgtgagctggatccgtcagcccccagggaaggccctggagtggcttgcactcattgattgggatgatgataaatactacagcacatctctgaagaccaggctcaccatctccaaggacacctccaaaaaccaggtggtccttacaatgaccaacatggaccctgtggacacagccacgtattactgtgcacggatac"
"30","IGHV2-70D","caggtcaccttgaaggagtctggtcctgcgctggtgaaacccacacagaccctcacactgacctgcaccttctctgggttctcactcagcactagtggaatgcgtgtgagctggatccgtcagcccccagggaaggccctggagtggcttgcacgcattgattgggatgatgataaattctacagcacatctctgaagaccaggctcaccatctccaaggacacctccaaaaaccaggtggtccttacaatgaccaacatggaccctgtggacacagccacgtattactgtgcacggatac"
"31","IGHV2/OR16-23","taggtcaccttgaaggagtctggtcctgtgctggtgaaacccacagagaccctcacgctgacctgcactctctctgggttctcactcagcacttctggaatgggtatgagctggatccgtcagcccccagggaaggccctggagtggcttgctcacattttttcgaatgactaaaaatcctacagcacgtctctgaagaacaggctcatcatctccaaggacacctccaaaagccaggtggtccttaccatgaccaacatggaccctgtggacacagccacgtattactgtgcatggagag"
"32","IGHV2/OR16-5","caggtcaccttgaaggagtctggtcctgcgctggtgaaacccacagagaccctcacgctgacctgcactctctctgggttctcactcagcacttctggaatgggtatgagctggatccgtcagcccccagggaaggccctggagtggcttgctcacatttttttgaatgacaaaaaatcctacagcacgtctctgaagaacaggctcatcatctccaaggacacctccaaaagccaggtggtccttaccatgaccaacatggaccctgtggacacagccacgtattactgtgcatggagag"
"33","IGHV3-11","caggtgcagctggtggagtctgggggaggcttggtcaagcctggagggtccctgagactctcctgtgcagcctctggattcaccttcagtgactactacatgagctggatccgccaggctccagggaaggggctggagtgggtttcatacattagtagtagtggtagtaccatatactacgcagactctgtgaagggccgattcaccatctccagggacaacgccaagaactcactgtatctgcaaatgaacagcctgagagccgaggacacggccgtgtattactgtgcgagaga"
"34","IGHV3-13","gaggtgcagctggtggagtctgggggaggcttggtacagcctggggggtccctgagactctcctgtgcagcctctggattcaccttcagtagctacgacatgcactgggtccgccaagctacaggaaaaggtctggagtgggtctcagctattggtactgctggtgacacatactatccaggctccgtgaagggccgattcaccatctccagagaaaatgccaagaactccttgtatcttcaaatgaacagcctgagagccggggacacggctgtgtattactgtgcaagaga"
"35","IGHV3-15","gaggtgcagctggtggagtctgggggaggcttggtaaagcctggggggtcccttagactctcctgtgcagcctctggattcactttcagtaacgcctggatgagctgggtccgccaggctccagggaaggggctggagtgggttggccgtattaaaagcaaaactgatggtgggacaacagactacgctgcacccgtgaaaggcagattcaccatctcaagagatgattcaaaaaacacgctgtatctgcaaatgaacagcctgaaaaccgaggacacagccgtgtattactgtaccacaga"
"36","IGHV3-16","gaggtacaactggtggagtctgggggaggcttggtacagcctggggggtccctgagactctcctgtgcagcctctggattcaccttcagtaacagtgacatgaactgggcccgcaaggctccaggaaaggggctggagtgggtatcgggtgttagttggaatggcagtaggacgcactatgtggactccgtgaagcgccgattcatcatctccagagacaattccaggaactccctgtatctgcaaaagaacagacggagagccgaggacatggctgtgtattactgtgtgagaaa"
"37","IGHV3-19","acagtgcagctggtggagtctgggggaggcttggtagagcctggggggtccctgagactctcctgtgcagcctctggattcaccttcagtaacagtgacatgaactgggtccgccaggctccaggaaaggggctggagtgggtatcgggtgttagttggaatggcagtaggacgcactatgcagactctgtgaagggccgattcatcatctccagagacaattccaggaacttcctgtatcagcaaatgaacagcctgaggcccgaggacatggctgtgtattactgtgtgagaaa"
"38","IGHV3-20","gaggtgcagctggtggagtctgggggaggtgtggtacggcctggggggtccctgagactctcctgtgcagcctctggattcacctttgatgattatggcatgagctgggtccgccaagctccagggaaggggctggagtgggtctctggtattaattggaatggtggtagcacaggttatgcagactctgtgaagggccgattcaccatctccagagacaacgccaagaactccctgtatctgcaaatgaacagtctgagagccgaggacacggccttgtatcactgtgcgagaga"
"39","IGHV3-21","gaggtgcagctggtggagtctgggggaggcctggtcaagcctggggggtccctgagactctcctgtgcagcctctggattcaccttcagtagctatagcatgaactgggtccgccaggctccagggaaggggctggagtgggtctcatccattagtagtagtagtagttacatatactacgcagactcagtgaagggccgattcaccatctccagagacaacgccaagaactcactgtatctgcaaatgaacagcctgagagccgaggacacggctgtgtattactgtgcgagaga"
"40","IGHV3-22","gaggtgcatctggtggagtctgggggagccttggtacagcctggggggtccctgagactctcctgtgcagcctctggattcaccttcagttactactacatgagcggggtccgccaggctcccgggaaggggctggaatgggtaggtttcattagaaacaaagctaatggtgggacaacagaatagaccacgtctgtgaaaggcagattcacaatctcaagagatgattccaaaagcatcacctatctgcaaatgaagagcctgaaaaccgaggacacggccgtgtattactgttccagaga"
"41","IGHV3-23","gaggtgcagctgttggagtctgggggaggcttggtacagcctggggggtccctgagactctcctgtgcagcctctggattcacctttagcagctatgccatgagctgggtccgccaggctccagggaaggggctggagtgggtctcagctattagtggtagtggtggtagcacatactacgcagactccgtgaagggccggttcaccatctccagagacaattccaagaacacgctgtatctgcaaatgaacagcctgagagccgaggacacggccgtatattactgtgcgaaaga"
"42","IGHV3-23D","gaggtgcagctgttggagtctgggggaggcttggtacagcctggggggtccctgagactctcctgtgcagcctctggattcacctttagcagctatgccatgagctgggtccgccaggctccagggaaggggctggagtgggtctcagctattagtggtagtggtggtagcacatactacgcagactccgtgaagggccggttcaccatctccagagacaattccaagaacacgctgtatctgcaaatgaacagcctgagagccgaggacacggccgtatattactgtgcgaaaga"
"43","IGHV3-25","gagatgcagctggtggagtctgggggaggcttgcaaaagcctgcgtggtccccgagactctcctgtgcagcctctcaattcaccttcagtagctactacatgaactgtgtccgccaggctccagggaatgggctggagttggtttgacaagttaatcctaatgggggtagcacatacctcatagactccggtaaggaccgattcaatacctccagagataacgccaagaacacacttcatctgcaaatgaacagcctgaaaaccgaggacacggccctctattagtgtaccagaga"
"44","IGHV3-29","gaggtggagctgatagagcccacagaggacctgagacaacctgggaagttcctgagactctcctgtgtagcctctagattcgccttcagtagcttctgaatgagcccagttcaccagtctgcaggcaaggggctggagtgagtaatagatataaaagatgatggaagtcagatacaccatgcagactctgtgaagggcagattctccatctccaaagacaatgctaagaactctctgtatctgcaaatgaacagtcagagaactgaggacatggctgtgtatggctgtacataaggtt"
"45","IGHV3-30","caggtgcagctggtggagtctgggggaggcgtggtccagcctgggaggtccctgagactctcctgtgcagcctctggattcaccttcagtagctatgctatgcactgggtccgccaggctccaggcaaggggctagagtgggtggcagttatatcatatgatggaagtaataaatactacgcagactccgtgaagggccgattcaccatctccagagacaattccaagaacacgctgtatctgcaaatgaacagcctgagagctgaggacacggctgtgtattactgtgcgagaga"
"46","IGHV3-30-2","gaggtacagctcgtggagtccggagaggacccaagacaacctgggggatccctgagactctcctgtgcagactctggattaaccttcagtagctactgaaggaactcggtttcccaggctccagggaaggggctggagtgagtagtagatatacagtgtgatggaagtcagatatgttatgcataatctttgaagagcaaattcaccatctccaaagaaaatgccaagaactcactgtatttgctaatgaacagtctgagagcagcgggcacagctgtgtgttactgtatgtgaggca"
"47","IGHV3-30-22","gaggtggagctgatagagtccatagaggacctgagacaacctgggaagttcctgagactctcctgtgtagcctctagattcgccttcagtagcttctgaatgagccgagttcaccagtctccaggcaaggggctggagtgagtaatagatataaaagatgatggaagtcagatacaccatgcagactctgtgaagggcagattctccatctccaaagacaatgctaagaactctctgtatctgcaaatgaacagtcagagagctgaggacatggacgtgtatggctgtacataaggtc"
"48","IGHV3-30-3","caggtgcagctggtggagtctgggggaggcgtggtccagcctgggaggtccctgagactctcctgtgcagcctctggattcaccttcagtagctatgctatgcactgggtccgccaggctccaggcaaggggctggagtgggtggcagttatatcatatgatggaagcaataaatactacgcagactccgtgaagggccgattcaccatctccagagacaattccaagaacacgctgtatctgcaaatgaacagcctgagagctgaggacacggctgtgtattactgtgcgagaga"
"49","IGHV3-30-33","gaggtacagctcgtggagtccggagaggacccaagacaacctgggggatccctgagactctcctgtgcagactctggattaaccttcagtagctactgaaggagctcggtttcccaggctccagggaaggggctggagtgagtagtagatatacagtgtgatggaagtcagatatgttatgcataatctttgaagagcaaattcaccatctccaaagaaaatgccaagaactcactgtatttgctaatgaacagtctgagagcagagggcacagctgtgtgttactgtatgtgagg"
"50","IGHV3-30-42","gaggtggagctgatagagcccacagaggacctgagacaacctgggaagttcctgagactctcctgtgtagcctctagattcgccttcagtagcttctgaatgagcccagttcaccagtctgcaggcaaggggctggagtgagtaatagatataaaagatgatggaagtcagatacaccatgcagactctgtgaagggcagattctccatctccaaagacaatgctaagaactctctgtatctgcaaatgaacagtcagagaactgaggacatggctgtgtatggctgtacataaggtt"
"51","IGHV3-30-5","caggtgcagctggtggagtctgggggaggcgtggtccagcctgggaggtccctgagactctcctgtgcagcctctggattcaccttcagtagctatggcatgcactgggtccgccaggctccaggcaaggggctggagtgggtggcagttatatcatatgatggaagtaataaatactatgcagactccgtgaagggccgattcaccatctccagagacaattccaagaacacgctgtatctgcaaatgaacagcctgagagctgaggacacggctgtgtattactgtgcgaaaga"
"52","IGHV3-30-52","gaggtacagctcgtggagtccggagaggacccaagacaacctgggggatccctgagactctcctgtgcagactctggattaaccttcagtagctactgaaggaactcggtttcccaggctccagggaaggggctggagtgagtagtagatatacagtgtgatggaagtcagatatgttatgcataatctttgaagagcaaattcaccatctccaaagaaaatgccaagaactcactgtatttgctaatgaacagtctgagagcagcgggcacagctgtgtgttactgtatgtgagg"
"53","IGHV3-32","gaggtggagctgatagagtccatagaggacctgagacaacctgggaagttcctgagactctcctgtgtagcctctagattcgccttcagtagcttctgaatgagccgagttcaccagtctccaggcaaggggctggagtgagtaatagatataaaagatgatggaagtcagatacaccatgcagactctgtgaagggcagattctccatctccaaagacaatgctaagaactctctgtatctgcaaatgaacactcagagagctgaggacgtggccgtgtatggctatacataaggtc"
"54","IGHV3-33","caggtgcagctggtggagtctgggggaggcgtggtccagcctgggaggtccctgagactctcctgtgcagcgtctggattcaccttcagtagctatggcatgcactgggtccgccaggctccaggcaaggggctggagtgggtggcagttatatggtatgatggaagtaataaatactatgcagactccgtgaagggccgattcaccatctccagagacaattccaagaacacgctgtatctgcaaatgaacagcctgagagccgaggacacggctgtgtattactgtgcgagaga"
"55","IGHV3-33-2","gaggtacagctcgtggagtccggagaggacccaagacaacctgggggatccttgagactctcctgtgcagactctggattaaccttcagtagctactgaatgagctcggtttcccaggctccagggaaggggctggagtgagtagtagatatacagtgtgatggaagtcagatatgttatgcccaatctgtgaagagcaaattcaccatctccaaagaaaatgccaagaactcactgtatttgcaaatgaacagtctgagagcagagggcacagctgtgtgttactgtatgtgaggca"
"56","IGHV3-35","gaggtgcagctggtggagtctgggggaggcttggtacagcctgggggatccctgagactctcctgtgcagcctctggattcaccttcagtaacagtgacatgaactgggtccatcaggctccaggaaaggggctggagtgggtatcgggtgttagttggaatggcagtaggacgcactatgcagactctgtgaagggccgattcatcatctccagagacaattccaggaacaccctgtatctgcaaacgaatagcctgagggccgaggacacggctgtgtattactgtgtgagaaa"
"57","IGHV3-38","gaggtgcagctggtggagtctgggggaggcttggtacagcctagggggtccctgagactctcctgtgcagcctctggattcaccgtcagtagcaatgagatgagctggatccgccaggctccagggaaggggctggagtgggtctcatccattagtggtggtagcacatactacgcagactccaggaagggcagattcaccatctccagagacaattccaagaacacgctgtatcttcaaatgaacaacctgagagctgagggcacggccgcgtattactgtgccagatata"
"58","IGHV3-38-3","gaggtgcagctggtggagtctcggggagtcttggtacagcctggggggtccctgagactctcctgtgcagcctctggattcaccgtcagtagcaatgagatgagctgggtccgccaggctccagggaagggtctggagtgggtctcatccattagtggtggtagcacatactacgcagactccaggaagggcagattcaccatctccagagacaattccaagaacacgctgcatcttcaaatgaacagcctgagagctgaggacacggctgtgtattactgtaagaaaga"
"59","IGHV3-41","gaggtgcagctggtggagtctgggggaggcttggtccagcctggggggtccctgagactctcctgtgcagcctcaggattctcctttagtagctatggcatgagctgggtccgccaggctccagggaaggggctggactgagtggcacatatctggaatgatggaagtcagaaatactatgcagactctgtgaagggccgattcacaatctccagagacaattctaagagcatgctctatctgcaaatggacagtctgaaagctaaggacacggccatgtattactgtaccaga"
"60","IGHV3-43","gaagtgcagctggtggagtctgggggagtcgtggtacagcctggggggtccctgagactctcctgtgcagcctctggattcacctttgatgattataccatgcactgggtccgtcaagctccggggaagggtctggagtgggtctctcttattagttgggatggtggtagcacatactatgcagactctgtgaagggccgattcaccatctccagagacaacagcaaaaactccctgtatctgcaaatgaacagtctgagaactgaggacaccgccttgtattactgtgcaaaagata"
"61","IGHV3-43D","gaagtgcagctggtggagtctgggggagtcgtggtacagcctggggggtccctgagactctcctgtgcagcctctggattcacctttgatgattatgccatgcactgggtccgtcaagctccggggaagggtctggagtgggtctctcttattagttgggatggtggtagcacctactatgcagactctgtgaagggtcgattcaccatctccagagacaacagcaaaaactccctgtatctgcaaatgaacagtctgagagctgaggacaccgccttgtattactgtgcaaaagata"
"62","IGHV3-47","gaggatcagctggtggagtctgggggaggcttggtacagcctggggggtccctgcgaccctcctgtgcagcctctggattcgccttcagtagctatgctctgcactgggttcgccgggctccagggaagggtctggagtgggtatcagctattggtactggtggtgatacatactatgcagactccgtgatgggccgattcaccatctccagagacaacgccaagaagtccttgtatcttcatatgaacagcctgatagctgaggacatggctgtgtattattgtgcaagaga"
"63","IGHV3-48","gaggtgcagctggtggagtctgggggaggcttggtacagcctggggggtccctgagactctcctgtgcagcctctggattcaccttcagtagctatagcatgaactgggtccgccaggctccagggaaggggctggagtgggtttcatacattagtagtagtagtagtaccatatactacgcagactctgtgaagggccgattcaccatctccagagacaatgccaagaactcactgtatctgcaaatgaacagcctgagagccgaggacacggctgtgtattactgtgcgagaga"
"64","IGHV3-49","gaggtgcagctggtggagtctgggggaggcttggtacagccagggcggtccctgagactctcctgtacagcttctggattcacctttggtgattatgctatgagctggttccgccaggctccagggaaggggctggagtgggtaggtttcattagaagcaaagcttatggtgggacaacagaatacaccgcgtctgtgaaaggcagattcaccatctcaagagatggttccaaaagcatcgcctatctgcaaatgaacagcctgaaaaccgaggacacagccgtgtattactgtactagaga"
"65","IGHV3-52","gaggtgcagctggtggagtctgggtgaggcttggtacagcctggagggtccctgagactctcctgtgcagcctctggattcaccttcagtagctcctggatgcactgggtctgccaggctccggagaaggggctggagtgggtggccgacataaagtgtgacggaagtgagaaatactatgtagactctgtgaagggccgattgaccatctccagagacaatgccaagaactccctctatctgcaagtgaacagcctgagagctgaggacatgaccgtgtattactgtgtgagagg"
"66","IGHV3-53","gaggtgcagctggtggagtctggaggaggcttgatccagcctggggggtccctgagactctcctgtgcagcctctgggttcaccgtcagtagcaactacatgagctgggtccgccaggctccagggaaggggctggagtgggtctcagttatttatagcggtggtagcacatactacgcagactccgtgaagggccgattcaccatctccagagacaattccaagaacacgctgtatcttcaaatgaacagcctgagagccgaggacacggccgtgtattactgtgcgagaga"
"67","IGHV3-54","gaggtacagctggtggagtctgaagaaaaccaaagacaacttgggggatccctgagactctcctgtgcagactctggattaaccttcagtagctactgaatgagctcagattcccaagctccagggaaggggctggagtgagtagtagatatatagtaggatagaagtcagctatgttatgcacaatctgtgaagagcagattcaccatctccaaagaaaatgccaagaactcactctgtttgcaaatgaacagtctgagagcagagggcacggccgtgtattactgtatgtgagt"
"68","IGHV3-62","gaggtgcagctggtggagtctggggaaggcttggtccagcctggggggtccctgagactctcctgtgcagcctctggattcaccttcagtagctctgctatgcactgggtccgccaggctccaagaaagggtttgtagtgggtctcagttattagtacaagtggtgataccgtactctacacagactctgtgaagggccgattcaccatctccagagacaatgcccagaattcactgtctctgcaaatgaacagcctgagagccgagggcacagttgtgtactactgtgtgaaaga"
"69","IGHV3-63","gaggtggagctgatagagtccatagagggcctgagacaacttgggaagttcctgagactctcctgtgtagcctctggattcaccttcagtagctactgaatgagctgggtcaatgagactctagggaaggggctggagggagtaatagatgtaaaatatgatggaagtcagatataccatgcagactctgtgaagggcagattcaccatctccaaagacaatgctaagaactcaccgtatctccaaacgaacagtctgagagctgaggacatgaccatgcatggctgtacataaggtt"
"70","IGHV3-64","gaggtgcagctggtggagtctgggggaggcttggtccagcctggggggtccctgagactctcctgtgcagcctctggattcaccttcagtagctatgctatgcactgggtccgccaggctccagggaagggactggaatatgtttcagctattagtagtaatgggggtagcacatattatgcaaactctgtgaagggcagattcaccatctccagagacaattccaagaacacgctgtatcttcaaatgggcagcctgagagctgaggacatggctgtgtattactgtgcgagaga"
"71","IGHV3-64D","gaggtgcagctggtggagtctgggggaggcttggtccagcctggggggtccctgagactctcctgttcagcctctggattcaccttcagtagctatgctatgcactgggtccgccaggctccagggaagggactggaatatgtttcagctattagtagtaatgggggtagcacatactacgcagactccgtgaagggcagattcaccatctccagagacaattccaagaacacgctgtatcttcaaatgagcagtctgagagctgaggacacggctgtgtattactgtgtgaaaga"
"72","IGHV3-66","gaggtgcagctggtggagtctgggggaggcttggtccagcctggggggtccctgagactctcctgtgcagcctctggattcaccgtcagtagcaactacatgagctgggtccgccaggctccagggaaggggctggagtgggtctcagttatttatagcggtggtagcacatactacgcagactccgtgaagggcagattcaccatctccagagacaattccaagaacacgctgtatcttcaaatgaacagcctgagagccgaggacacggctgtgtattactgtgcgagaga"
"73","IGHV3-69-1","gaggtgcagctggtggagtctgggggaggcttggtaaagcctggggggtccctgagactctcctgtgcagcctctggattcaccttcagtgactactacatgaactgggtccgccaggctccagggaaggggctggagtgggtctcatccattagtagtagtagtaccatatactacgcagactctgtgaagggccgattcaccatctccagagacaacgccaagaactcactgtatctgcaaatgaacagcctgagagccgaggacacggctgtgtattactgtgcgagaga"
"74","IGHV3-7","gaggtgcagctggtggagtctgggggaggcttggtccagcctggggggtccctgagactctcctgtgcagcctctggattcacctttagtagctattggatgagctgggtccgccaggctccagggaaggggctggagtgggtggccaacataaagcaagatggaagtgagaaatactatgtggactctgtgaagggccgattcaccatctccagagacaacgccaagaactcactgtatctgcaaatgaacagcctgagagccgaggacacggctgtgtattactgtgcgagaga"
"75","IGHV3-71","gaggtgcagctggtggagtccgggggaggcttggtccagcctggggggtccctgagactctcctgtgcagcctctggattcaccttcagtgactactacatgagctgggtccgccaggctcccgggaaggggctggagtgggtaggtttcattagaaacaaagctaatggtgggacaacagaatagaccacgtctgtgaaaggcagattcacaatctcaagagatgattccaaaagcatcacctatctgcaaatgaacagcctgagagccgaggacacggccgtgtattactgtgcgagaga"
"76","IGHV3-72","gaggtgcagctggtggagtctgggggaggcttggtccagcctggagggtccctgagactctcctgtgcagcctctggattcaccttcagtgaccactacatggactgggtccgccaggctccagggaaggggctggagtgggttggccgtactagaaacaaagctaacagttacaccacagaatacgccgcgtctgtgaaaggcagattcaccatctcaagagatgattcaaagaactcactgtatctgcaaatgaacagcctgaaaaccgaggacacggccgtgtattactgtgctagaga"
"77","IGHV3-73","gaggtgcagctggtggagtctgggggaggcttggtccagcctggggggtccctgaaactctcctgtgcagcctctgggttcaccttcagtggctctgctatgcactgggtccgccaggcttccgggaaagggctggagtgggttggccgtattagaagcaaagctaacagttacgcgacagcatatgctgcgtcggtgaaaggcaggttcaccatctccagagatgattcaaagaacacggcgtatctgcaaatgaacagcctgaaaaccgaggacacggccgtgtattactgtactagaca"
"78","IGHV3-74","gaggtgcagctggtggagtccgggggaggcttagttcagcctggggggtccctgagactctcctgtgcagcctctggattcaccttcagtagctactggatgcactgggtccgccaagctccagggaaggggctggtgtgggtctcacgtattaatagtgatgggagtagcacaagctacgcggactccgtgaagggccgattcaccatctccagagacaacgccaagaacacgctgtatctgcaaatgaacagtctgagagccgaggacacggctgtgtattactgtgcaagaga"
"79","IGHV3-9","gaagtgcagctggtggagtctgggggaggcttggtacagcctggcaggtccctgagactctcctgtgcagcctctggattcacctttgatgattatgccatgcactgggtccggcaagctccagggaagggcctggagtgggtctcaggtattagttggaatagtggtagcataggctatgcggactctgtgaagggccgattcaccatctccagagacaacgccaagaactccctgtatctgcaaatgaacagtctgagagctgaggacacggccttgtattactgtgcaaaagata"
"80","IGHV3-NL1","caggtgcagctggtggagtctgggggaggcgtggtccagcctggggggtccctgagactctcctgtgcagcgtctggattcaccttcagtagctatggcatgcactgggtccgccaggctccaggcaaggggctggagtgggtctcagttatttatagcggtggtagtagcacatactatgcagactccgtgaagggccgattcaccatctccagagacaattccaagaacacgctgtatctgcaaatgaacagcctgagagctgaggacacggctgtgtattactgtgcgaaaga"
"81","IGHV3/OR15-7","gaggtgcagctggtggagtctgggggaggcttggtccagcctgggggttctctgagactctcatgtgcagcctctggattcaccttcagtgaccactacatgagctgggtccgccaggctcaagggaaagggctagagttggtaggtttaataagaaacaaagctaacagttacacgacagaatatgctgcgtctgtgaaaggcagacttaccatctcaagagaggattcaaagaacacgatgtatctgcaaatgagcaacctgaaaaccgaggacttggccgtgtattactgtgctaga"
"82","IGHV3/OR16-10","gaggttcagctggtgcagtctgggggaggcttggtacatcctggggggtccctgagactctcctgtgcaggctctggattcaccttcagtagctatgctatgcactgggttcgccaggctccaggaaaaggtctggagtgggtatcagctattggtactggtggtggcacatactatgcagactccgtgaagggccgattcaccatctccagagacaatgccaagaactccttgtatcttcaaatgaacagcctgagagccgaggacatggctgtgtattactgtgcaagaga"
"83","IGHV3/OR16-12","gaggtgcagctggtagagtctgggagaggcttggcccagcctggggggtacctaaaactctccggtgcagcctctggattcaccgtcggtagctggtacatgagctggatccaccaggctccagggaagggtctggagtgggtctcatacattagtagtagtggttgtagcacaaactacgcagactctgtgaagggcagattcaccatctccacagacaactcaaagaacacgctctacctgcaaatgaacagcctgagagtggaggacacggccgtgtattactgtgcaagaga"
"84","IGHV3/OR16-13","gaggtgcagctggtggagtctgggggaggcttagtacagcctggagggtccctgagactctcctgtgcagcctctggattcaccttcagtagctactggatgcactgggtccgccaagctccagggaaggggctggtgtgggtctcacgtattaatagtgatgggagtagcacaagctacgcagactccatgaagggccaattcaccatctccagagacaatgctaagaacacgctgtatctgcaaatgaacagtctgagagctgaggacatggctgtgtattactgtactagaga"
"85","IGHV3/OR16-14","gaggtgcagctggaggagtctgggggaggcttagtacagcctggagggtccctgagactctcctgtgcagcctctggattcaccttcagtagctactggatgcactgggtccgccaatctccagggaaggggctggtgtgagtctcacgtattaatagtgatgggagtagcacaagctacgcagactccttgaagggccaattcaccatctccagagacaatgctaagaacacgctgtatctgcaaatgaacagtctgagagctgaggacatggctgtgtattactgtactaga"
"86","IGHV3/OR16-15","gaagtgcagctggtggagtctgggggaggcttggtccagcctggggggtccctgagactctcctgtgcagcctctgtattcaccttcagtaacagtgacataaactgggtcctctaggctccaggaaaggggctggagtgggtctcgggtattagttggaatggcggtaagacgcactatgtggactccgtgaagggccaattttccatctccagagacaattccagcaagtccctgtatctgcaaaagaacagacagagagccaaggacatggccgtgtattactgtgtgagaaa"
"87","IGHV3/OR16-16","gaggtgcagctggtggagtctgggggaggcttggtccagcctggggggtccctgagacactcctgtgcagcctctggattcaccttcagtaacagtgacatgaactgggtcctctaggctccaggaaaggggctggagtgggtctcggatattagttggaatggcggtaagacgcactatgtggactccgtgaagggccaatttaccatctccagagacaattccagcaagtccctgtatctgcaaaagaacagacagagagccaaggacatggccgtgtattactgtgtgagaaa"
"88","IGHV3/OR16-17","gaggtgcagctggtggagtctgggggaggcttggtacagcctggggggtccctgagactgtcctgtccagactctggattcaccttcagtaaccactacatgagctgggtccgccaggctccagggaagggactggagtggatttcatacattagtggtgatagtggttacacaaactacgcagactctgtgaagggccgattcaccatctccagggacaacgccaataactcaccgtatctgcaaatgaacagcttgagagctgaggacacggctgtgtattactgtgtgaaaca"
"89","IGHV3/OR16-18","gaggtgcagctggtggagtctgggggaggcttggtccagcctggggggtccctgagactctcctgtgcagcctctggattcaccttcagtaacagtgacatgaactgggtcctctaggctccaggaaaggggctggagtgggtctcgggtattagttggaatggcggtaagacgcactatgtggactccgtgaagggccaatttaccatctccagagacaattccagcaagtccctgtatctgcaaaagaacagacagagagccaaggacatggccgtgtattactgtgtgagaaa"
"90","IGHV3/OR16-20","gaggttcagctggtgcagtctgggggaggcttggtacagcctggggggtccctgagactctcctgtgcaggctctggattcaccttcagtagctatgctatgcactgggttcgccaggctccaggaaaaggtctggagtgggtatcagctattggtactggtggtggcacatactatgcagactccgtgaagggccgattcaccatctccagagacaatgccaagaactccttgtatcttcaaatgaacagcctgagagccgaggacatggctgtgtattactgtgcaagaga"
"91","IGHV3/OR16-6","gaggtgcagctggtggagtctgcgggaggccttggtacagcctgggggtcccttagactctcctgtgcagcctctggattcacttgcagtaacgcctggatgagctgggtccgccaggctccagggaaggggctggagtgggttggctgtattaaaagcaaagctaatggtgggacaacagactacgctgcacctgtgaaaggcagattcaccatctcaagagatgattcaaaaaacacgctgtatctgcaaatgatcagcctgaaaaccgaggacacggccgtgtattactgtaccacagg"
"92","IGHV3/OR16-8","gaggtgcagctggtggagtctgggggaggcttggtacagcctggggggtccctgagactgtcctgtccagcctctggattcaccttcagtaaccactacatgagctgggtccgccaggctccagggaagggactggagtgggtttcatacattagtggtgatagtggttacacaaactacgcagactctgtgaagggccgattcaccatctccagggacaacgccaataactcaccgtatctgcaaatgaacagcctgagagctgaggacacggctgtgtattactgtgtgaaaca"
"93","IGHV3/OR16-9","gaggtgcagctggtggagtctggaggaggcttggtacagcctggggggtccctgagactctcctgtgcagcctctggattcaccttcagtaaccactacacgagctgggtccgccaggctccagggaagggactggagtgggtttcatacagtagtggtaatagtggttacacaaactacgcagactctgtgaaaggccgattcaccatctccagggacaacgccaagaactcactgtatctgcaaatgaacagcctgagagccgaggacacggctgtgtattactgtgtgaaaca"
"94","IGHV4-28","caggtgcagctgcaggagtcgggcccaggactggtgaagccttcggacaccctgtccctcacctgcgctgtctctggttactccatcagcagtagtaactggtggggctggatccggcagcccccagggaagggactggagtggattgggtacatctattatagtgggagcacctactacaacccgtccctcaagagtcgagtcaccatgtcagtagacacgtccaagaaccagttctccctgaagctgagctctgtgaccgccgtggacacggccgtgtattactgtgcgagaaa"
"95","IGHV4-30-2","cagctgcagctgcaggagtccggctcaggactggtgaagccttcacagaccctgtccctcacctgcgctgtctctggtggctccatcagcagtggtggttactcctggagctggatccggcagccaccagggaagggcctggagtggattgggtacatctatcatagtgggagcacctactacaacccgtccctcaagagtcgagtcaccatatcagtagacaggtccaagaaccagttctccctgaagctgagctctgtgaccgccgcggacacggccgtgtattactgtgccagaga"
"96","IGHV4-30-4","caggtgcagctgcaggagtcgggcccaggactggtgaagccttcacagaccctgtccctcacctgcactgtctctggtggctccatcagcagtggtgattactactggagttggatccgccagcccccagggaagggcctggagtggattgggtacatctattacagtgggagcacctactacaacccgtccctcaagagtcgagttaccatatcagtagacacgtccaagaaccagttctccctgaagctgagctctgtgactgccgcagacacggccgtgtattactgtgccagaga"
"97","IGHV4-31","caggtgcagctgcaggagtcgggcccaggactggtgaagccttcacagaccctgtccctcacctgcactgtctctggtggctccatcagcagtggtggttactactggagctggatccgccagcacccagggaagggcctggagtggattgggtacatctattacagtgggagcacctactacaacccgtccctcaagagtctagttaccatatcagtagacacgtctaagaaccagttctccctgaagctgagctctgtgactgccgcggacacggccgtgtattactgtgcgagaga"
"98","IGHV4-34","caggtgcagctacagcagtggggcgcaggactgttgaagccttcggagaccctgtccctcacctgcgctgtctatggtgggtccttcagtggttactactggagctggatccgccagcccccagggaaggggctggagtggattggggaaatcaatcatagtggaagcaccaactacaacccgtccctcaagagtcgagtcaccatatcagtagacacgtccaagaaccagttctccctgaagctgagctctgtgaccgccgcggacacggctgtgtattactgtgcgagagg"
"99","IGHV4-38-2","caggtgcagctgcaggagtcgggcccaggactggtgaagccttcggagaccctgtccctcacctgcgctgtctctggttactccatcagcagtggttactactggggctggatccggcagcccccagggaaggggctggagtggattgggagtatctatcatagtgggagcacctactacaacccgtccctcaagagtcgagtcaccatatcagtagacacgtccaagaaccagttctccctgaagctgagctctgtgaccgccgcagacacggccgtgtattactgtgcgaga"
"100","IGHV4-39","cagctgcagctgcaggagtcgggcccaggactggtgaagccttcggagaccctgtccctcacctgcactgtctctggtggctccatcagcagtagtagttactactggggctggatccgccagcccccagggaaggggctggagtggattgggagtatctattatagtgggagcacctactacaacccgtccctcaagagtcgagtcaccatatccgtagacacgtccaagaaccagttctccctgaagctgagctctgtgaccgccgcagacacggctgtgtattactgtgcgagaca"
"101","IGHV4-4","caggtgcagctgcaggagtcgggcccaggactggtgaagcctccggggaccctgtccctcacctgcgctgtctctggtggctccatcagcagtagtaactggtggagttgggtccgccagcccccagggaaggggctggagtggattggggaaatctatcatagtgggagcaccaactacaacccgtccctcaagagtcgagtcaccatatcagtagacaagtccaagaaccagttctccctgaagctgagctctgtgaccgccgcggacacggccgtgtattgctgtgcgagaga"
"102","IGHV4-55","caggtgcagctgcaggagtcgggcccaggactggtgaagccttcggagaccctgtccctcatctgcgctgtctctggtgactccatcagcagtggtaactggtgaatctgggtccgccagcccccagggaaggggctggagtggattggggaaatccatcatagtgggagcacctactacaacccgtccctcaagagtcgaatcaccatgtccgtagacacgtccaagaaccagttctacctgaagctgagctctgtgaccgccgcggacacggccgtgtattactgtgcgagata"
"103","IGHV4-59","caggtgcagctgcaggagtcgggcccaggactggtgaagccttcggagaccctgtccctcacctgcactgtctctggtggctccatcagtagttactactggagctggatccggcagcccccagggaagggactggagtggattgggtatatctattacagtgggagcaccaactacaacccctccctcaagagtcgagtcaccatatcagtagacacgtccaagaaccagttctccctgaagctgagctctgtgaccgctgcggacacggccgtgtattactgtgcgagaga"
"104","IGHV4-61","caggtgcagctgcaggagtcgggcccaggactggtgaagccttcggagaccctgtccctcacctgcactgtctctggtggctccgtcagcagtggtagttactactggagctggatccggcagcccccagggaagggactggagtggattgggtatatctattacagtgggagcaccaactacaacccctccctcaagagtcgagtcaccatatcagtagacacgtccaagaaccagttctccctgaagctgagctctgtgaccgctgcggacacggccgtgtattactgtgcgagaga"
"105","IGHV4-80","caggtgcagctgcaggagtggggcccaggactggtgaagccttcggagaccctgtccctcacctgcgctgtctctggtgactccatcagcagtggtaactggtggagctgggtccgccagtccccagggaaggggctggaatggattggatacatctattatagtgggaggagctactacaccccgtccctcaggagttgagtcaccatgtcaatagaaacgtccaagaaccagttttccctgaagctgagctctgtgaccgca"
"106","IGHV4/OR15-8","caggtgcagctgcaggagtcgggcccaggactggtgaagccttcggagaccctgtccctcacctgcgttgtctctggtggctccatcagcagtagtaactggtggagctgggtccgccagcccccagggaaggggctggagtggattggggaaatctatcatagtgggagccccaactacaacccgtccctcaagagtcgagtcaccatatcagtagacaagtccaagaaccagttctccctgaagctgagctctgtgaccgccgcggacacggccgtgtattactgtgcgagaga"
"107","IGHV5-10-1","gaagtgcagctggtgcagtctggagcagaggtgaaaaagcccggggagtctctgaggatctcctgtaagggttctggatacagctttaccagctactggatcagctgggtgcgccagatgcccgggaaaggcctggagtggatggggaggattgatcctagtgactcttataccaactacagcccgtccttccaaggccacgtcaccatctcagctgacaagtccatcagcactgcctacctgcagtggagcagcctgaaggcctcggacaccgccatgtattactgtgcgagaca"
"108","IGHV5-51","gaggtgcagctggtgcagtctggagcagaggtgaaaaagcccggggagtctctgaagatctcctgtaagggttctggatacagctttaccagctactggatcggctgggtgcgccagatgcccgggaaaggcctggagtggatggggatcatctatcctggtgactctgataccagatacagcccgtccttccaaggccaggtcaccatctcagccgacaagtccatcagcaccgcctacctgcagtggagcagcctgaaggcctcggacaccgccatgtattactgtgcgagaca"
"109","IGHV5-78","gaggtgcagctgttgcagtctgcagcagaggtgaaaagacccggggagtctctgaggatctcctgtaagacttctggatacagctttaccagctactggatccactgggtgcgccagatgcccgggaaagaactggagtggatggggagcatctatcctgggaactctgataccagatacagcccatccttccaaggccacgtcaccatctcagccgacagctccagcagcaccgcctacctgcagtggagcagcctgaaggcctcggacgccgccatgtattattgtgtgaga"
"110","IGHV6-1","caggtacagctgcagcagtcaggtccaggactggtgaagccctcgcagaccctctcactcacctgtgccatctccggggacagtgtctctagcaacagtgctgcttggaactggatcaggcagtccccatcgagaggccttgagtggctgggaaggacatactacaggtccaagtggtataatgattatgcagtatctgtgaaaagtcgaataaccatcaacccagacacatccaagaaccagttctccctgcagctgaactctgtgactcccgaggacacggctgtgtattactgtgcaagaga"
"111","IGHV7-34-1","ctgcagctggtgcagtctgggcctgaggtgaagaagcctggggcctcagtgaaggtctcctataagtcttctggttacaccttcaccatctatggtatgaattgggtatgatagacccctggacagggctttgagtggatgtgatggatcatcacctacactgggaacccaacgtatacccacggcttcacaggatggtttgtcttctccatggacacgtctgtcagcacggcgtgtcttcagatcagcagcctaaaggctgaggacacggccgagtattactgtgcgaagta"
"112","IGHV7-4-1","caggtgcagctggtgcaatctgggtctgagttgaagaagcctggggcctcagtgaaggtttcctgcaaggcttctggatacaccttcactagctatgctatgaattgggtgcgacaggcccctggacaagggcttgagtggatgggatggatcaacaccaacactgggaacccaacgtatgcccagggcttcacaggacggtttgtcttctccttggacacctctgtcagcacggcatatctgcagatctgcagcctaaaggctgaggacactgccgtgtattactgtgcgagaga"
"113","IGHV7-40","tatggtatgaattcagtgtgaccagcccctggacaagggcttgagtggatgggatggatcatcacctacactgggaacccaacatataccaacggcttcacaggacggtttctattctccatggacacctctgtcagcatggcgtatctgcagatcagcagcctaaaggctgaggacacggccgtgtatgactgtatgagaga"
"114","IGHV7-40D","tatggtatgaattcggtgtgaccagcccctggacaagggctcgagtggatgggatggatcatcacctacactgggaacccaatgtatacccacggcttcacaggacggtttgtcttctccatggacacctctgtcagcatggcgtatctgcagatcagcagcctaaaggctgaggacacggccgtgtatgactctatgagaga"
"115","IGHV7-81","caggtgcagctggtgcagtctggccatgaggtgaagcagcctggggcctcagtgaaggtctcctgcaaggcttctggttacagtttcaccacctatggtatgaattgggtgccacaggcccctggacaagggcttgagtggatgggatggttcaacacctacactgggaacccaacatatgcccagggcttcacaggacggtttgtcttctccatggacacctctgccagcacagcatacctgcagatcagcagcctaaaggctgaggacatggccatgtattactgtgcgagata"
"116","IGHV8-51-1","gaggcccagcttacagagtctgggggagacttggtacactgagaggggcccctgaggctctcctgtgcagcctcttggttcaccttcagtatctatgagattcactgggtttgccaggcctcagggaaggggctggaatgggttgcagttatatggcgtagtgaaagtcatcaatacaatgcagactatgttaggggcagactcaccacttccagagacaacaccaagtacatgctgtacatgcaaatgaacagcctgagaacccagaacatggcagcatttaactgtgcaggaaa"
